{
  "2605.03205": 1,
  "2606.05050": 1,
  "2606.19152": 0
}
