{
  "2605.03205": 0,
  "2606.05050": 0
}
